"ID","Description","GeneRatio","BgRatio","pvalue","p.adjust","qvalue","geneID","Count"
"GO:0008138","protein tyrosine/serine/threonine phosphatase activity","3/133","16/9473",0.00132540341081618,0.123885003949042,0.115838721497705,"173904/172525/182228",3
"GO:0015171","amino acid transmembrane transporter activity","4/133","38/9473",0.00189378027256506,0.123885003949042,0.115838721497705,"176441/189355/174201/186798",4
"GO:0000981","DNA-binding transcription factor activity, RNA polymerase II-specific","8/133","162/9473",0.00197688836088897,0.123885003949042,0.115838721497705,"181503/180927/174005/191713/3565291/174452/181551/180357",8
